referrerId,userAddress,kpi,breakdown
0x99342d3ce2d10c34b7d20d960ea75bd742aec468,0x99342d3ce2d10c34b7d20d960ea75bd742aec468,58,
0xb82896c4f251ed65186b416dbdb6f6192dfaf926,0x89563f2535ad834833c0d84cf81ee335867b8e34,30,
0x99342d3ce2d10c34b7d20d960ea75bd742aec468,0x19001ba47fafb4a64d6f3c29c0f5a31e55b81362,4,
0xb82896c4f251ed65186b416dbdb6f6192dfaf926,0x28ef6b53e57deae4dba3ac310b08cca6c261b4d2,0,
0xb82896c4f251ed65186b416dbdb6f6192dfaf926,0x146d32c207949f98e5dcd3162023fc1fe10d4378,1,
0x181313c4aab54fd818c727665c090dd4021d6429,0x6ee33e8a0487e799bdc8c9c91d851fd383104455,2,
0x99342d3ce2d10c34b7d20d960ea75bd742aec468,0x48b182ea69d41b1d50e3aa1f4efa612584500d1f,4,
0x99342d3ce2d10c34b7d20d960ea75bd742aec468,0x17d830c1d6246982710ae3cf3b948d55f33f914b,0,
0x22886c71a4c1fa2824bd86210ead1c310b3d7cf5,0x62667f639368a4fb90374e69cf5951d5fb9d693e,0,
0x3e6e1f37249bb22d8543fdb0728716632eac24ac,0xccc9576f841de93cd32bee7b98fe8b9bd3070e3d,12,
0x99342d3ce2d10c34b7d20d960ea75bd742aec468,0x82b852a42db3e9ca237581a675f319a33c1cafd4,6,
0xc5337cee97ff5b190f26c4a12341dd210f26e17c,0xc32eced3420f59e38b0f719aac67b3c36c6a5d97,362,
0xc5337cee97ff5b190f26c4a12341dd210f26e17c,0xc5337cee97ff5b190f26c4a12341dd210f26e17c,16,
0xc5337cee97ff5b190f26c4a12341dd210f26e17c,0xbdeb0877ea15abd145e12d7c74c04a5a5f924879,0,
0x4ea48e01f1314db0925653e30617b254d1cf5366,0x4ea48e01f1314db0925653e30617b254d1cf5366,15,
0xdd304336cf878df7d2647435d5f57c2345b140c1,0x14140b0dbc4736124ea9f5230d851f62f99b0ac5,0,
0x99342d3ce2d10c34b7d20d960ea75bd742aec468,0x24cd0ac5114efea4bd3a7a51c52c170b39a97416,16,
0xc5337cee97ff5b190f26c4a12341dd210f26e17c,0x1ff127f31982e0ef82f5ec2064b6185d57417a1a,28,
0x99342d3ce2d10c34b7d20d960ea75bd742aec468,0x92d921fbe99167788d2abee6be78d2aaba7911fb,2,
0x99342d3ce2d10c34b7d20d960ea75bd742aec468,0xc15caab109e781f54ac76afb830880edf7ba2e88,4,
0x4ea48e01f1314db0925653e30617b254d1cf5366,0x29dc0494716b02de4a4b82650b786329c2ae4cde,20,
0xc5337cee97ff5b190f26c4a12341dd210f26e17c,0x707d9defc3c6620696594a0193d5273cdfb9eda3,8,
0xc5337cee97ff5b190f26c4a12341dd210f26e17c,0xff3ab96418b64c61ab6254f5be5e11ece39debcc,12,
0xc5337cee97ff5b190f26c4a12341dd210f26e17c,0xbe95bb47789e5f4af467306c97ded0877bf817b5,7,
0xc5337cee97ff5b190f26c4a12341dd210f26e17c,0x54d06a08ffdf44258a9f9bd2f4b4cdd6692a900f,3,
0xc5337cee97ff5b190f26c4a12341dd210f26e17c,0xe825c5d767cda209e344718fc7e92a5e0e473267,5,
0xc5337cee97ff5b190f26c4a12341dd210f26e17c,0x52e3923cbcfb2c898484fef9f705fdf1e0037060,5,
0xc5337cee97ff5b190f26c4a12341dd210f26e17c,0x4cc0fb78914b630c8c2da7089c6680e8ebebec1d,3,
0xc5337cee97ff5b190f26c4a12341dd210f26e17c,0xa0107d224175f4a0468d2aa775ee3cd4254bf3e8,5,
0xc5337cee97ff5b190f26c4a12341dd210f26e17c,0xe765185a42d623a99864c790a88cd29825d8a4b9,4,
0xc5337cee97ff5b190f26c4a12341dd210f26e17c,0x7dcff286f8e45b9a5c31bb990c0007d4ee5f7ec0,8,
0xc5337cee97ff5b190f26c4a12341dd210f26e17c,0x55500894b526771c20b317c969392401bc377592,4,
0xc5337cee97ff5b190f26c4a12341dd210f26e17c,0x3ae5d538f2e3bba7949e9bfb46ff664a0e68fc06,2,
0xc5337cee97ff5b190f26c4a12341dd210f26e17c,0xb6bf78656e6edd0802ecce112869d997003692d5,4,
0xc5337cee97ff5b190f26c4a12341dd210f26e17c,0x0b87b237a18c4cce8b62a8574f0763a80c70fecd,3,
0xc5337cee97ff5b190f26c4a12341dd210f26e17c,0xdb170c00776e987b6841796e1755c7f7e682b4b5,2,
0xc5337cee97ff5b190f26c4a12341dd210f26e17c,0x325804f9da917ed5e40902da92bbe8f7782d64a9,3,
0xc5337cee97ff5b190f26c4a12341dd210f26e17c,0xa9c4dbf8b0bf22ba57e0a5d49cb0f802430d15a3,38,
0xc5337cee97ff5b190f26c4a12341dd210f26e17c,0x6e9cbbc2de389e41db1fa7fed477bc1842fcf766,4,
0xc5337cee97ff5b190f26c4a12341dd210f26e17c,0x39e161396b30b6c414496850b551e8a2d4968c33,8,
0xc5337cee97ff5b190f26c4a12341dd210f26e17c,0x47ba70d576485a4eb1020925b72e8536466462fc,6,
0xc5337cee97ff5b190f26c4a12341dd210f26e17c,0x93145e9964738cff778ad06ab20839070a7af539,10,
0xc5337cee97ff5b190f26c4a12341dd210f26e17c,0xb3793a86c14c951e49e01dc3c26c5c38b1544731,9,
0xc5337cee97ff5b190f26c4a12341dd210f26e17c,0xb4ce3217df18b27a8f65756a1bdf648d0d443d77,1,
0xc5337cee97ff5b190f26c4a12341dd210f26e17c,0x2efdc365d01daa141208e1defa670bc7fca52f00,6,
0xc5337cee97ff5b190f26c4a12341dd210f26e17c,0x3400da8a66ce6434212d0024ad056a64307b2b1b,2,
0xc5337cee97ff5b190f26c4a12341dd210f26e17c,0x48fa25ca4d793fd9b4f0aa33c264509c8b9e3a0e,2,
0xc5337cee97ff5b190f26c4a12341dd210f26e17c,0xfbbd8d28a4aea323655b868db406b19be0643731,5,
0xc5337cee97ff5b190f26c4a12341dd210f26e17c,0xb26e0d754a8c590afe38248c9f13b820d1243d26,5,
0xc5337cee97ff5b190f26c4a12341dd210f26e17c,0x5829f33bed3b1e1a14c883fd73679fe9cdea63a6,11,
0xc5337cee97ff5b190f26c4a12341dd210f26e17c,0x463dfcbf3b88f3330646648e185475f98235c74f,3,
0xc5337cee97ff5b190f26c4a12341dd210f26e17c,0xdee1ff27630bb74c54770fb14d869ab14cfd05a5,9,
0xc5337cee97ff5b190f26c4a12341dd210f26e17c,0x6d728e89d2fd1dedf35069a44273dbd4d76eed9d,20,
0xc5337cee97ff5b190f26c4a12341dd210f26e17c,0xa2524626e6f2ad5288e5488f50416d3400ea75d2,9,
0xc5337cee97ff5b190f26c4a12341dd210f26e17c,0xee5c737066269fa6ee57cfd60902d066ebafb705,8,
0xc5337cee97ff5b190f26c4a12341dd210f26e17c,0x5a4b655f79696e2eea0bb1d8ac2a6e0c69e8b82a,4,
0xc5337cee97ff5b190f26c4a12341dd210f26e17c,0x18252a352331b3e8201d021ecbf09fe7e7ca45df,5,
0xc5337cee97ff5b190f26c4a12341dd210f26e17c,0xd3bc4b6fbc79200a5096aaa67fa11d35056aebaa,10,
0xc5337cee97ff5b190f26c4a12341dd210f26e17c,0xbd359fc95949d7e7b337c6475e3bed5b90df3b8c,3,
0xc5337cee97ff5b190f26c4a12341dd210f26e17c,0x4d40dcbe5bc4ff6ad3c3425737291c7016a3e886,3,
0xc5337cee97ff5b190f26c4a12341dd210f26e17c,0x92aedf2faa17ad5cd4ce6732ced993e19d1bb89d,10,
0xc5337cee97ff5b190f26c4a12341dd210f26e17c,0xd865cd7ccc91f83692ab330981c3e3e9d7a0526a,5,
0xc5337cee97ff5b190f26c4a12341dd210f26e17c,0x00a53b2a568d6c0e3714b37afaff5676feb68a97,2,
0xc5337cee97ff5b190f26c4a12341dd210f26e17c,0xeb04b07a605215d68ca54c4cb1046da734ed05ae,12,
0xc5337cee97ff5b190f26c4a12341dd210f26e17c,0x85cbb68118cf66d94853a0eb60fbbf32a2ce623a,5,
0xc5337cee97ff5b190f26c4a12341dd210f26e17c,0xe9ce4e6bfd53dcacad1c68c0610e0790ac8788f7,2,
0xc5337cee97ff5b190f26c4a12341dd210f26e17c,0x5a6aba4c6cb63fc150ae62edd54d3afb5591d713,15,
0xc5337cee97ff5b190f26c4a12341dd210f26e17c,0x05c588b068e3c71d2d482c3d7cf1de9c9e3e6473,3,
0xc5337cee97ff5b190f26c4a12341dd210f26e17c,0x18af2aa1daf57507052ec0f5dca7330b297a5d19,3,
0xc5337cee97ff5b190f26c4a12341dd210f26e17c,0x298f7ef5ecab1c3ee3afc3ed3d6a721349ef215e,8,
0xc5337cee97ff5b190f26c4a12341dd210f26e17c,0xe0d624cd4f2f34d6c10cd0d0016000676d3b1c4a,1,
0xc5337cee97ff5b190f26c4a12341dd210f26e17c,0xc0b554b57d1b3cc6b6f52153eb25657941c432d8,3,
0xc5337cee97ff5b190f26c4a12341dd210f26e17c,0xb65cd918084a25401d6b2262024cfc837417643d,4,
0xc5337cee97ff5b190f26c4a12341dd210f26e17c,0x52db85d7bf7ea89d441286acab36b249e199f19c,7,
0xc5337cee97ff5b190f26c4a12341dd210f26e17c,0xd3ec25350001fac599c95cae1f49ca9ee3afd357,3,
0xc5337cee97ff5b190f26c4a12341dd210f26e17c,0x63c4e61845d1cfac8fee9ddf023c3157e9f07ad1,12,
0xc5337cee97ff5b190f26c4a12341dd210f26e17c,0xc7afb4a1a2f821ad160c29e7370cd73824ec5b58,14,
0xc5337cee97ff5b190f26c4a12341dd210f26e17c,0xf1480d417d0fb26fa1b474c3e33817568b9ee26b,6,
0xc5337cee97ff5b190f26c4a12341dd210f26e17c,0xfe5978ea7f4790ee8a7a82fc5249cf142551e79e,13,
0xc5337cee97ff5b190f26c4a12341dd210f26e17c,0x9afe66a24167021de4af0f09b78707448b5721d7,6,
0xc5337cee97ff5b190f26c4a12341dd210f26e17c,0x786ee2960a5405b30fd05ecba89d0e825b179927,11,
0xc5337cee97ff5b190f26c4a12341dd210f26e17c,0xbd13b79c20aba54508977a1a3468dd702153c253,5,
0xc5337cee97ff5b190f26c4a12341dd210f26e17c,0xd171d1c8852698444d7448971f95295f572c8588,2,
0xc5337cee97ff5b190f26c4a12341dd210f26e17c,0xedaee8ed1eb34b1f6c4add3cfb2b72626e084246,9,
0xc5337cee97ff5b190f26c4a12341dd210f26e17c,0x30e5a4e6a52b2d6b891454a0fd04938732c55193,5,
0xc5337cee97ff5b190f26c4a12341dd210f26e17c,0xf00733d8381407d548a5d386ddc95931744a2514,2,
0xc5337cee97ff5b190f26c4a12341dd210f26e17c,0x46beb01fb3ba34de3f7b11b668f20fde2b297fc1,2,
0xc5337cee97ff5b190f26c4a12341dd210f26e17c,0x1848c47fd80c97c2ff7e634a7e500f266d2455ec,2,
0xc5337cee97ff5b190f26c4a12341dd210f26e17c,0xb05ffdf34503e273bfb4b1a8f52449923625a51a,4,
0xc5337cee97ff5b190f26c4a12341dd210f26e17c,0x53cb1db99c121ca69d5409e59cd879b0dd2f0b2a,2,
0xc5337cee97ff5b190f26c4a12341dd210f26e17c,0x8ad532487d87fab906350694b35f45aed3d778be,5,
0xc5337cee97ff5b190f26c4a12341dd210f26e17c,0x9acf5c1e6c2c4d97c6d800fb37a1855f1038bfb5,4,
0xc5337cee97ff5b190f26c4a12341dd210f26e17c,0x1babacb1e371c44b9b87b315006bd43ed117f8b8,3,
0xc5337cee97ff5b190f26c4a12341dd210f26e17c,0xc41a577ec9af9a820923f94f880086ccadb11150,13,
0xc5337cee97ff5b190f26c4a12341dd210f26e17c,0x5f1224c0ab7a550d7e540c845fead3023151be91,7,
0xc5337cee97ff5b190f26c4a12341dd210f26e17c,0xb42808767346c89715c049348105a547dbf5afc5,2,
0xc5337cee97ff5b190f26c4a12341dd210f26e17c,0x32e86538b81531593713dcba5a11a1b8287a8cb3,10,
0xc5337cee97ff5b190f26c4a12341dd210f26e17c,0x22a922465119bfc65dc0832b656baa981d8d7eb9,55,
0xc5337cee97ff5b190f26c4a12341dd210f26e17c,0xb7fa07fcfd1ac11c36d5f4426d51638efff52955,7,
0xc5337cee97ff5b190f26c4a12341dd210f26e17c,0x4ecdb98574d2c12c15e2b3dbc316657d6ae15dee,2,
0xc5337cee97ff5b190f26c4a12341dd210f26e17c,0x3f4f1bc0552d408c9ad7d7ad0cab0f33aabd20f7,11,
0xc5337cee97ff5b190f26c4a12341dd210f26e17c,0xb20ee93164bd4bf39fbd3a886e36237f0df197a2,3,
0xc5337cee97ff5b190f26c4a12341dd210f26e17c,0xe4836f9775feb2b46d6cccf831255ab8e6937d26,32,
0xc5337cee97ff5b190f26c4a12341dd210f26e17c,0x61b4c2606ada0bee773ba529ce166fa6396dde7b,4,
0xc5337cee97ff5b190f26c4a12341dd210f26e17c,0x5d7132c510c62c138feff012b4a7072356954117,2,
0xc5337cee97ff5b190f26c4a12341dd210f26e17c,0x453366548bc7696f9811f2d22513d2c0a7bf6bf6,10,
0xc5337cee97ff5b190f26c4a12341dd210f26e17c,0x744c5bff6386f0a075fa65bdcddca6d29caca144,4,
0xc5337cee97ff5b190f26c4a12341dd210f26e17c,0x04aa5ee1af2c3185720f9dc4a17a787d538e0abb,8,
0xc5337cee97ff5b190f26c4a12341dd210f26e17c,0x4afd5e22948b4be806cc65e91f05e14367e31abe,3,
0xc5337cee97ff5b190f26c4a12341dd210f26e17c,0x1913f45851ba9e3cba10a01aa8aafe599ee87735,3,
0xc5337cee97ff5b190f26c4a12341dd210f26e17c,0x3c430d5a763e3cfa8dbb258de48c814329a91309,9,
0xc5337cee97ff5b190f26c4a12341dd210f26e17c,0x6207767e420428440efa47c9e10449f05e4f6835,2,
0xc5337cee97ff5b190f26c4a12341dd210f26e17c,0xee98f83fb35a236e8ec8df2c508cd5ab4517f89a,11,
0xc5337cee97ff5b190f26c4a12341dd210f26e17c,0xf41f330e50facbe44c2cda91319b78ab67288e8e,4,
0xc5337cee97ff5b190f26c4a12341dd210f26e17c,0x33c1e1fe221f92bd6ff682ab47dd2c1bad010866,10,
0xc5337cee97ff5b190f26c4a12341dd210f26e17c,0x962fa344bbbf9276d01700eb7d7588031473f44d,3,
0xc5337cee97ff5b190f26c4a12341dd210f26e17c,0xc290639b884cf022d26a350250fa2bcef9bdc8cd,2,
0xc5337cee97ff5b190f26c4a12341dd210f26e17c,0xbbb6701664401f5d79e9b5667bb8008a6cbe6a74,6,
0xc5337cee97ff5b190f26c4a12341dd210f26e17c,0xaa084116a731ef0bb2c055395ab1070085ed7636,2,
0xc5337cee97ff5b190f26c4a12341dd210f26e17c,0x9f705f0745c14d7853b9d44a0fa19753174be9c4,4,
0xc5337cee97ff5b190f26c4a12341dd210f26e17c,0x196716b931a63a074875298af2fb3f7e82df5346,3,
0xc5337cee97ff5b190f26c4a12341dd210f26e17c,0xb0f788bb8c6caed4c354f6f1976286e4c58cf515,2,
0xc5337cee97ff5b190f26c4a12341dd210f26e17c,0xe42d595af6c44a1eb36a2947e55e146d77422618,8,
0xc5337cee97ff5b190f26c4a12341dd210f26e17c,0x8267c352573c8430f69cfb935bea43c7ae9295d8,4,
0xc5337cee97ff5b190f26c4a12341dd210f26e17c,0x07f8a2a02fabfc1bdae163024b63490f1f15fb93,3,
0xc5337cee97ff5b190f26c4a12341dd210f26e17c,0xabdc34f1def5ed2e60f72f34d67567b6d954e7e8,4,
0xc5337cee97ff5b190f26c4a12341dd210f26e17c,0x17bb5c04831bfa7f42513f369df23e7757fc3e51,2,
0xc5337cee97ff5b190f26c4a12341dd210f26e17c,0xe3001d53522bd2431deb64e4580f9d67d7636e56,3,
0xc5337cee97ff5b190f26c4a12341dd210f26e17c,0x9d5471cfcbadd4700f5287125169dfcf6091068b,6,
0xc5337cee97ff5b190f26c4a12341dd210f26e17c,0xde46c8ad3eb5b3992f21721ce69f3d92ea07c96f,2,
0xc5337cee97ff5b190f26c4a12341dd210f26e17c,0xce814fa975448818efe105b63f98046ad0424ab5,2,
0xc5337cee97ff5b190f26c4a12341dd210f26e17c,0xd7c5fb767f345483515a527349117711f66d4d79,5,
0xc5337cee97ff5b190f26c4a12341dd210f26e17c,0xf54c2c55b9e609a4d0619db822783908fa24c7de,9,
0xc5337cee97ff5b190f26c4a12341dd210f26e17c,0x7a0222dee3519854468f31154a4349c92814875f,6,
0xc5337cee97ff5b190f26c4a12341dd210f26e17c,0xd10261b8af12f1076c3a63d78a25ca2647ea3090,3,
0xc5337cee97ff5b190f26c4a12341dd210f26e17c,0x04982a448e68631c25ec4f600408cb3fdc74af50,3,
0xc5337cee97ff5b190f26c4a12341dd210f26e17c,0x871a05b8ee87e8bfccd204cd2dbdba89c9aa98cd,2,
0xc5337cee97ff5b190f26c4a12341dd210f26e17c,0x3d0438cf16e6bf871d1f28e18b5bb175762f3f7c,2,
0xc5337cee97ff5b190f26c4a12341dd210f26e17c,0x69fae2297a1f5a5e9381fe0b8cb9a850acfab9bc,2,
0xc5337cee97ff5b190f26c4a12341dd210f26e17c,0x5e552514a3a451a09c55211cc43fc416e3b8d184,2,
0xc5337cee97ff5b190f26c4a12341dd210f26e17c,0x4a868f7c26a2ee784a465ed94f1ea94874d9ce66,2,
0xc5337cee97ff5b190f26c4a12341dd210f26e17c,0x9365c78f8dbbb7185707e7e592cb057bad86e859,2,
0xc5337cee97ff5b190f26c4a12341dd210f26e17c,0x628243547786381df66192415a443c0f6cc40c15,10,
0x99342d3ce2d10c34b7d20d960ea75bd742aec468,0xf4f30b491d5b15f2fce0bf41b579b6dac413d704,3,
0xc5337cee97ff5b190f26c4a12341dd210f26e17c,0x3e1d99ae4c1c3c8cb66bfab286c2fab5d779d12d,5,
0x99342d3ce2d10c34b7d20d960ea75bd742aec468,0xae70150239e516252da6e7a577af8cedcba79357,2,
0xc5337cee97ff5b190f26c4a12341dd210f26e17c,0x4a1c58c97d53d47cd07dec6ad736fec1b8369f1f,3,
0xc5337cee97ff5b190f26c4a12341dd210f26e17c,0x396165ce2e39abe2bc21ca8729fbe2c7b3ce230c,3,
0xc5337cee97ff5b190f26c4a12341dd210f26e17c,0xe2492f90a2d5cf852758886ef255fda50e49329f,30,
0xc5337cee97ff5b190f26c4a12341dd210f26e17c,0x13cdff411571705fa2671d89e5a5d8aa333f3648,2,
0x99342d3ce2d10c34b7d20d960ea75bd742aec468,0x000a04cef57b3f25a1eabb8e09126ef0c0b8aaf6,4,
0xc5337cee97ff5b190f26c4a12341dd210f26e17c,0x698b86a0ef83833c024bb31ac27a300b8b6d2c15,12,
0xc5337cee97ff5b190f26c4a12341dd210f26e17c,0xb4cdac055e561cee15f8f9dd8e7f1eeb9d855392,5,
0xc5337cee97ff5b190f26c4a12341dd210f26e17c,0xc4ba3884dbe6a9dab4ec2a6c3b6366d962f2d25c,3,
0xc5337cee97ff5b190f26c4a12341dd210f26e17c,0x1e0cabdc5ce4edd50a8f0954bf91b8e3e737e843,3,
0x99342d3ce2d10c34b7d20d960ea75bd742aec468,0x1a1d5f223f45162d191124d17ff527adbc32e5c3,7,
0xc5337cee97ff5b190f26c4a12341dd210f26e17c,0x82700cff9a8f421cb51f3280da350c9ca49053bb,2,
0xc5337cee97ff5b190f26c4a12341dd210f26e17c,0xc776a708304257cec383699e015e4786d01f520a,13,
0xc5337cee97ff5b190f26c4a12341dd210f26e17c,0xb47d4151098271e674c7aa12430a66a43ab201c9,2,
0xc5337cee97ff5b190f26c4a12341dd210f26e17c,0x81639df46b7f39951c2942b13f0613b8ec17387b,2,
0x99342d3ce2d10c34b7d20d960ea75bd742aec468,0x6faad1230ae1153662e5f962933294495510b50f,5,
0xc5337cee97ff5b190f26c4a12341dd210f26e17c,0x1af38ea61b83979f46b9736f03279beeda157e65,4,
0xc5337cee97ff5b190f26c4a12341dd210f26e17c,0x8feebfdbd8dcb587eff0edeebfda4a23e0a6c6bc,1,
0xc5337cee97ff5b190f26c4a12341dd210f26e17c,0x441ce1f47f5b872c605c81a69b55f2f10b9417d7,10,
0xc5337cee97ff5b190f26c4a12341dd210f26e17c,0x85ecf8970ebb3c1a39da46f44c780d76b00a0a50,2,
0xc5337cee97ff5b190f26c4a12341dd210f26e17c,0xb605ebeddccbaf1b2655ee7ef8d29d9f9e9e55a5,9,
0xc5337cee97ff5b190f26c4a12341dd210f26e17c,0x36a6d8653560a29fdbca867e18a61183970ecc9e,7,
0xc5337cee97ff5b190f26c4a12341dd210f26e17c,0xa88161bd8779aceae0afa686828839428a607819,2,
0xc5337cee97ff5b190f26c4a12341dd210f26e17c,0x30c7d4e78fa2b05000e253c9cb1f30ca458a4798,25,
0xb82896c4f251ed65186b416dbdb6f6192dfaf926,0xb82896c4f251ed65186b416dbdb6f6192dfaf926,11,
0xc5337cee97ff5b190f26c4a12341dd210f26e17c,0xd0a7cda3e196028bf9d70402872b0db95b31d2a9,5,
0xc5337cee97ff5b190f26c4a12341dd210f26e17c,0xdd367e14a6a197f0698157a7f3c77fd2045d4a3e,2,
0xc5337cee97ff5b190f26c4a12341dd210f26e17c,0xdaf7318b0f326e54d4874f0c5579598067be1def,2,
0xc5337cee97ff5b190f26c4a12341dd210f26e17c,0x90b265eb08d3ce4d364177fb3af72b8e890c4238,4,
0xc5337cee97ff5b190f26c4a12341dd210f26e17c,0xe89816309a59bdc5ecfc220d909308cf244012f9,3,
0xc5337cee97ff5b190f26c4a12341dd210f26e17c,0x332c494610cdddf36b62f28cfeeaccea4400de5b,2,
0xc5337cee97ff5b190f26c4a12341dd210f26e17c,0x346da3233271e9a80981278443324be5dfc55955,4,
0xc5337cee97ff5b190f26c4a12341dd210f26e17c,0x57b08f64869f4641d49cb26cc5383e475c1467c7,4,
0xc5337cee97ff5b190f26c4a12341dd210f26e17c,0x2407018e86ad43859f92ccc91c21e67c9eb097d4,3,
0xc5337cee97ff5b190f26c4a12341dd210f26e17c,0x2a68baa23f97f54ede2e3629834bf487c5ea02c3,2,
0xc5337cee97ff5b190f26c4a12341dd210f26e17c,0x2d4ba44bfaac56289f4c0f0d4671364eeaf7298e,2,
0xc5337cee97ff5b190f26c4a12341dd210f26e17c,0x8d8c8399c30032325008d02a63f9d92a8920f358,7,
0xc5337cee97ff5b190f26c4a12341dd210f26e17c,0x3de596010117b002c3f294073fbdd1801c07979c,3,
0xc5337cee97ff5b190f26c4a12341dd210f26e17c,0xff9feaceb0dc09ff87a29c1e8b196065f7d021c0,6,
0xc5337cee97ff5b190f26c4a12341dd210f26e17c,0x914393edb9a26a0e7bbd7405b4a1b8d15fb321f0,2,
0xc5337cee97ff5b190f26c4a12341dd210f26e17c,0x20c21c80e47c117b14f29d5214492d7f74cf70b4,1,
0xc5337cee97ff5b190f26c4a12341dd210f26e17c,0x39e51619aa7774bdbab9b28677a1a8149c5eacb2,2,
0xc5337cee97ff5b190f26c4a12341dd210f26e17c,0x2692f809c9f246644b536027a119305b006ecc72,2,
0xc5337cee97ff5b190f26c4a12341dd210f26e17c,0xd1cdcdfd3f47cc907bd1b879610351d9373d06e7,1,
0xc5337cee97ff5b190f26c4a12341dd210f26e17c,0x988c414381ccd9e2110b7c4303278cd3ef449ad3,2,
0xc5337cee97ff5b190f26c4a12341dd210f26e17c,0x83b2766ab357cf4d98a6b879290de1909b6c9405,2,
0xc5337cee97ff5b190f26c4a12341dd210f26e17c,0xcc7e71f5b506d0c6b96e6f4b778fd92836557cb1,2,
0xc5337cee97ff5b190f26c4a12341dd210f26e17c,0x6a0c2e59c5814819d60d3c3933980d29c9a78ae5,2,
0xc5337cee97ff5b190f26c4a12341dd210f26e17c,0x6ca9725fc7bf4739464fbdfe704599fc6f6ec2e4,3,
0xc5337cee97ff5b190f26c4a12341dd210f26e17c,0x476b3d39e453926de75869b7a652bdddec308a8d,1,
0xc5337cee97ff5b190f26c4a12341dd210f26e17c,0x98cfbfea18a4b0c2914749557d02351dcfac35e3,1,
0xc5337cee97ff5b190f26c4a12341dd210f26e17c,0xf1a7451e44d7afaa280918a2fafec7ce5b262f81,7,
0xc5337cee97ff5b190f26c4a12341dd210f26e17c,0x5ce5294a10ad3d7b6b0ea06ce212c026d3a125d6,3,
0xc5337cee97ff5b190f26c4a12341dd210f26e17c,0xb5a24c045bc92e51102047124d3ce1646b43dec3,3,
0xc5337cee97ff5b190f26c4a12341dd210f26e17c,0x2ba246cbd750567231a04e2038544240aec18836,10,
0xc5337cee97ff5b190f26c4a12341dd210f26e17c,0x5fcf165ee12db1e483d5e73fbcc3b715dbce45f6,2,
0xc5337cee97ff5b190f26c4a12341dd210f26e17c,0x7f2ab4dbe9653b8e5a545c905e0a99b249abda17,2,
0xc5337cee97ff5b190f26c4a12341dd210f26e17c,0xd8877dc45f4933a34d82e8ddc886a313a17341cd,258,
0xc5337cee97ff5b190f26c4a12341dd210f26e17c,0xc5eff8592aab70a36a5dcb642bd28f2ec746af40,3,
0xc5337cee97ff5b190f26c4a12341dd210f26e17c,0x0e2865cf89ec947da933661e6e52b01760f3d4ee,9,
0xc5337cee97ff5b190f26c4a12341dd210f26e17c,0x699ebd3c05d6dc788e28881e42a338c17ad33460,6,
0xc5337cee97ff5b190f26c4a12341dd210f26e17c,0x50726086a674bd67a3ab36a2c19886b4839fb85c,2,
0xc5337cee97ff5b190f26c4a12341dd210f26e17c,0x5413d9290f1dced2383722dde56c2a728688f110,2,
0xc5337cee97ff5b190f26c4a12341dd210f26e17c,0x4aaab01eb4c05ba3d9261e14b8d48e7ba0fa8689,14,
0xc5337cee97ff5b190f26c4a12341dd210f26e17c,0x6188741af37a336b8b6f316b78c26ef453a87583,2,
0xc5337cee97ff5b190f26c4a12341dd210f26e17c,0x9e54ecafa0f7ae894d071f9d686c684ed609f1bc,11,
0xc5337cee97ff5b190f26c4a12341dd210f26e17c,0xf0a412aa99b74704b8adc7f8731bbda6591ebf43,2,
0xc5337cee97ff5b190f26c4a12341dd210f26e17c,0x2724a975f7fb69383e67b9d83b2440031d8a8caa,2,
0xc5337cee97ff5b190f26c4a12341dd210f26e17c,0x33fffc1085e3f9096852f5b29c57411184fcf662,2,
0xc5337cee97ff5b190f26c4a12341dd210f26e17c,0xff6ef5365f17841ab6a1a9a82dbd58aed48d4de2,2,
0xc5337cee97ff5b190f26c4a12341dd210f26e17c,0x96b78caf84294c598f87cb5849d42bffe9ce5f89,9,
0xc5337cee97ff5b190f26c4a12341dd210f26e17c,0x399fd759f8282eb2d90487282fce36d16ca9e9dc,1,
0xc5337cee97ff5b190f26c4a12341dd210f26e17c,0x9605a77a818baa8a085f31bac7664860b907be83,2,
0xc5337cee97ff5b190f26c4a12341dd210f26e17c,0x0c5ffa44eef74a29dab40fb7d501076572762319,6,
0xc5337cee97ff5b190f26c4a12341dd210f26e17c,0xcdc95ad4f34d259a7780703eb3eec4704735c946,2,
0xc5337cee97ff5b190f26c4a12341dd210f26e17c,0x4a69f466306e17a5b26432ebf7173fc8ed5a9a71,3,
0xc5337cee97ff5b190f26c4a12341dd210f26e17c,0x2f1be7e9d6f5ae564f82b7cdd79a3a51222e86ba,1,
0xc5337cee97ff5b190f26c4a12341dd210f26e17c,0x258eb398fd23cec4ba8734b48bce3e5909ff4ecb,8,
0xc5337cee97ff5b190f26c4a12341dd210f26e17c,0x2197d4f1d08ac82a62e09c71947a183d864d90d0,2,
0xc5337cee97ff5b190f26c4a12341dd210f26e17c,0x462aaf854b0560186cf28dd277b29cf02f5b7538,10,
0xc5337cee97ff5b190f26c4a12341dd210f26e17c,0x3ba4f6f65cc37dbf76681953e5411f66a5a9c6a4,6,
0xc5337cee97ff5b190f26c4a12341dd210f26e17c,0x3ca4dddc9433224d0314e69b535157086ccb5746,6,
0xc5337cee97ff5b190f26c4a12341dd210f26e17c,0x26d85c9ed5c6cfe6bd13acd25b7aada9193e8caa,9,
0xc5337cee97ff5b190f26c4a12341dd210f26e17c,0x2f102b49f1a2cd8eb53061f04522fe7235ce757f,6,
0xc5337cee97ff5b190f26c4a12341dd210f26e17c,0xe69ed27a1a75715441cfbc7edf02baaf2806d02a,8,
0xc5337cee97ff5b190f26c4a12341dd210f26e17c,0xc792076bda19d5f702a0aba6f00fe67a68591268,7,
0xc5337cee97ff5b190f26c4a12341dd210f26e17c,0x6ed001da594aa088dde996259118168a8a4a327e,4,
0xc5337cee97ff5b190f26c4a12341dd210f26e17c,0x8328aeaf0ce44e9a7634739447592f7ddabfa073,7,
0xc5337cee97ff5b190f26c4a12341dd210f26e17c,0x28492001968048bdfb801b2a93a04da2a2723672,1,
0xc5337cee97ff5b190f26c4a12341dd210f26e17c,0xf709d36407a11098a2da86177e6ae1293f256e7a,8,
0xc5337cee97ff5b190f26c4a12341dd210f26e17c,0xfdc1b9b6b9cc4ea6bd70828ed171310d08f806d8,4,
0xc5337cee97ff5b190f26c4a12341dd210f26e17c,0xebca863bc7dfbaecf9754420522eed27e7f7cca7,7,
0xc5337cee97ff5b190f26c4a12341dd210f26e17c,0xf706597e459fb311b80301606c1ca9d7b0037295,6,
0xc5337cee97ff5b190f26c4a12341dd210f26e17c,0x2ed781e2c1c9dcaf4e7a6e5dfa6b39da76c54c6c,3,
0xc5337cee97ff5b190f26c4a12341dd210f26e17c,0xec718a989a5a8d43f08d2aec372d08923ade9717,3,
0x99342d3ce2d10c34b7d20d960ea75bd742aec468,0x18d2903bfa2cb063f47e4508879e2b5c972a75c9,3,
0xc5337cee97ff5b190f26c4a12341dd210f26e17c,0xbfa4f847cb1758b4d40c43c39637962fbc832997,9,
0xc5337cee97ff5b190f26c4a12341dd210f26e17c,0xca17cb6aec1281b0ad69845fb82a3cbb08864521,6,
0x99342d3ce2d10c34b7d20d960ea75bd742aec468,0xcc2985678c50ea31541078edc7226b3b50856ee1,3,
0xc5337cee97ff5b190f26c4a12341dd210f26e17c,0x8c06e77939e71c5055dc7a232d0d80dd82424c32,4,
0xc5337cee97ff5b190f26c4a12341dd210f26e17c,0x8b62a2a82644a2568771f7d2e3156451ac443be0,18,
0xc5337cee97ff5b190f26c4a12341dd210f26e17c,0x3ecd708a42e59a38fb0a37f53c7b58a91b11a332,2,
0xc5337cee97ff5b190f26c4a12341dd210f26e17c,0xd72925891a0c0e61dd4229e0710fc9e02882162c,12,
0xc5337cee97ff5b190f26c4a12341dd210f26e17c,0x25d197ba64b8bbdb4d3edf245196d12e1cfe1d05,3,
0x99342d3ce2d10c34b7d20d960ea75bd742aec468,0x4418555f7ac4cf7c4dc6acc9c79e2ce0971bc3f6,4,
0x99342d3ce2d10c34b7d20d960ea75bd742aec468,0xebf6b84b80d6721910c694d78d51f6c76dd86dbb,2,
0xc5337cee97ff5b190f26c4a12341dd210f26e17c,0x36e6407c22a9cf15a12dede5f54c6d791e916c73,9,
0xc5337cee97ff5b190f26c4a12341dd210f26e17c,0x93e79cc5a42f12ddfe73262ffb1f9535e263b27b,5,
0xe38a456433fff7814e40998cf0cbbbd2c885b513,0x9f444b3b4911566dd3ae10e5e22f2e7eabef007a,2,
0xc5337cee97ff5b190f26c4a12341dd210f26e17c,0xca5f577aebe30db24b6cc80c9f9161abfc5ff010,4,
0xc5337cee97ff5b190f26c4a12341dd210f26e17c,0x01b827939a6082f59e80badb42b0d53ad92d75b5,56,
0xc5337cee97ff5b190f26c4a12341dd210f26e17c,0xae0a4b602fbb3cc138c2dad912d0b4787c3c5753,2,
0x99342d3ce2d10c34b7d20d960ea75bd742aec468,0x5fb32dca1e246ca83cb2654c23c3733c698979e0,1,
0xc5337cee97ff5b190f26c4a12341dd210f26e17c,0x36860210d0b0b8aa4af95201af853043ef6eb06e,6,
0x99342d3ce2d10c34b7d20d960ea75bd742aec468,0x03c53fe42ff30201037675b2b7df653838dbd6aa,2,
0xc5337cee97ff5b190f26c4a12341dd210f26e17c,0xbac8735d0f536b0a3c17873d46c97b6a9c7cbedf,56,
0xc5337cee97ff5b190f26c4a12341dd210f26e17c,0xff01b6e44d0fbc82908aa52163621644eb115439,3,
0xc5337cee97ff5b190f26c4a12341dd210f26e17c,0x5af0c1db64450fc7236ba1692d64b7fad10d7c22,8,
0x4ea48e01f1314db0925653e30617b254d1cf5366,0x85ba183fb4c16d435b076dde459dafc8eff864d8,5,
0xc5337cee97ff5b190f26c4a12341dd210f26e17c,0xb14e3fe33958ec5deff2801081a98320cdeedc20,48,
0xc5337cee97ff5b190f26c4a12341dd210f26e17c,0x358d93c7f77a11acfcbf4dd2f72608f427f4f61a,4,
0xc5337cee97ff5b190f26c4a12341dd210f26e17c,0x25d1268946d6ca94075b8dfa627f26bdb8a23bf2,5,
0xc5337cee97ff5b190f26c4a12341dd210f26e17c,0x637baf159f95437437d8650dd8eeb92aa5b4935d,6,
0xc5337cee97ff5b190f26c4a12341dd210f26e17c,0x95d2e359cd5538fb42c82afe3d8f48ca30850630,6,
0xc5337cee97ff5b190f26c4a12341dd210f26e17c,0x724db405059752a8b2fe26a54c58529a2a6ce8c9,3,
0xc5337cee97ff5b190f26c4a12341dd210f26e17c,0x77ce5afc2023a2f9bf8d14c145f57650018f8a2a,5,
0xc5337cee97ff5b190f26c4a12341dd210f26e17c,0x31ff90d099480be26ca3166608dc4799998d25f2,3,
0xc5337cee97ff5b190f26c4a12341dd210f26e17c,0x5483a4dad67a076ce459a9e2877725c2a67e1bd0,1,
0xc5337cee97ff5b190f26c4a12341dd210f26e17c,0x6a759bfa1c2ac8130a4605990910a113a262186f,1,
0xc5337cee97ff5b190f26c4a12341dd210f26e17c,0xa74a969e910f8f830b0bb3881c5b6662882a1def,2,
0xc5337cee97ff5b190f26c4a12341dd210f26e17c,0xa286cfc63f6ea75cdb73fe44423494f15023a2c9,2,
0xc5337cee97ff5b190f26c4a12341dd210f26e17c,0x7370e25cfed6053cb8111899959b195f39c6e2bc,1,
0xc5337cee97ff5b190f26c4a12341dd210f26e17c,0xe6849e476bf384e7453afdea4cbedbd88975f446,1,
0xc5337cee97ff5b190f26c4a12341dd210f26e17c,0xb01a579e3378186ce6bedaaaba73972dcda1e7f2,4,
0xc5337cee97ff5b190f26c4a12341dd210f26e17c,0xa17515035ca557170401c99e1307e16ff274134c,2,
0xc5337cee97ff5b190f26c4a12341dd210f26e17c,0x4b7b53a1dacd07d351a49aa0fee1e504308c522d,3,
0xc5337cee97ff5b190f26c4a12341dd210f26e17c,0x5de4cb96d36d983714fb241872f4898af15ae2f1,4,
0xc5337cee97ff5b190f26c4a12341dd210f26e17c,0x86ad2b7475ab0c87f753cb857f04763449f6f3b6,1,
0xc5337cee97ff5b190f26c4a12341dd210f26e17c,0xd6d702ec940086f82f26678148ddd737cac16a0e,2,
0xc5337cee97ff5b190f26c4a12341dd210f26e17c,0xdffe5d36aa9034d7faaeb7b0783f14f1ab81459d,2,
0xc5337cee97ff5b190f26c4a12341dd210f26e17c,0x79a6c89ae0317cb756bac31e84288482ea9e8421,6,
0xc5337cee97ff5b190f26c4a12341dd210f26e17c,0xb75b63e27a53471f293f29bff35b9cc43057bb51,2,
0xc5337cee97ff5b190f26c4a12341dd210f26e17c,0x3c59fca70c4550d4aa2f3f0137de68b50d10d021,2,
0xc5337cee97ff5b190f26c4a12341dd210f26e17c,0x4b2becdf61071e43629560cb0bd9e5f0561e9b7c,2,
0xc5337cee97ff5b190f26c4a12341dd210f26e17c,0xcc6027c138e949c21dccda44df097e065810cda9,3,
0xc5337cee97ff5b190f26c4a12341dd210f26e17c,0x54ce1ca23a2a5f6e8ed0e76d9e0e955b2a6755cd,2,
0x99342d3ce2d10c34b7d20d960ea75bd742aec468,0x3f51cde20ce04cf2b2d0db43d742e9c57b17aa91,8,
0xc5337cee97ff5b190f26c4a12341dd210f26e17c,0xa70d33449900639f490e8568fc5ef3735b11b700,2,
0x2c2bc76b97bce84a5a9c6e2835ab13306b964cf1,0x2c2bc76b97bce84a5a9c6e2835ab13306b964cf1,17,
0xc5337cee97ff5b190f26c4a12341dd210f26e17c,0xc8d22615c7443d571f5b312abc56d19f0fe44d67,4,
0xc5337cee97ff5b190f26c4a12341dd210f26e17c,0x88d89b1a6657d060880f10942cee21ca42e27b7d,2,
0xc5337cee97ff5b190f26c4a12341dd210f26e17c,0xe751ee5069abcba7ff429a20377e514707088d8f,5,
0xc5337cee97ff5b190f26c4a12341dd210f26e17c,0x65179e9920da03c67cc91f68f2f02ec16eef753e,2,
0x2c2bc76b97bce84a5a9c6e2835ab13306b964cf1,0x127ce62fe9122c9e72e45222c404410e0512f7b5,219,
0x2c2bc76b97bce84a5a9c6e2835ab13306b964cf1,0x576714e2cadc5ff9aa70bf2c25ba56c051391676,54,
0x2c2bc76b97bce84a5a9c6e2835ab13306b964cf1,0x625157014f943da8b8d08c2416daddca91795365,7,
0x2c2bc76b97bce84a5a9c6e2835ab13306b964cf1,0x9d915ceb820b5243d4a609f149799b540ecd5c67,7,
0xc5337cee97ff5b190f26c4a12341dd210f26e17c,0x19349e5d1cd652a2b499c7358a1e3f068a4fe024,2,
0x2c2bc76b97bce84a5a9c6e2835ab13306b964cf1,0x9c5d54793f7ad0f15c76998bd0d06b94a7f2c9ab,12,
0xc5337cee97ff5b190f26c4a12341dd210f26e17c,0x77920495a419b0fedbcabf4f6dc6b93106b4155b,4,
0xc5337cee97ff5b190f26c4a12341dd210f26e17c,0x46c927b79219ab8644d95cd01143a448f01b3d99,2,
0xc5337cee97ff5b190f26c4a12341dd210f26e17c,0x7b8059d5a8a1ddeddfc8efff7163b4f140de6ad8,2,
0xc5337cee97ff5b190f26c4a12341dd210f26e17c,0x2f8efb4958541bc03f79e73f8722ef41454bbaee,2,
0xc5337cee97ff5b190f26c4a12341dd210f26e17c,0x3660f4e80130acc4439f4b331241ad81845c3cca,2,
0xc5337cee97ff5b190f26c4a12341dd210f26e17c,0x07f98d307429bd0d85faeaf3fb02b6866d014272,3,
0xc5337cee97ff5b190f26c4a12341dd210f26e17c,0x7298688c65f08d5e356fd7e7a8f037fd06581a06,11,
0xc5337cee97ff5b190f26c4a12341dd210f26e17c,0xc1f117b65a115d0e8306f7b50d0a69b2225c31f0,2,
0xc5337cee97ff5b190f26c4a12341dd210f26e17c,0x41708f4935f89216bef74291d860c6679ec21e7f,2,
0xc5337cee97ff5b190f26c4a12341dd210f26e17c,0x3a55270c87f903e59ab6df4cb3f169eeae080d89,2,
0xc5337cee97ff5b190f26c4a12341dd210f26e17c,0xb530800ba8a46fadf6c8470df2eb66211a5301dd,2,
0xc5337cee97ff5b190f26c4a12341dd210f26e17c,0x985ce77306c6d5443847a64c9cb78bb2bac0e13d,2,
0xc5337cee97ff5b190f26c4a12341dd210f26e17c,0xb2627e9ad00acbc33ac70f832b5b34c1ff46cc39,4,
0xc5337cee97ff5b190f26c4a12341dd210f26e17c,0xbd474c7e2d3bf1de9cac95f6ec7c464a268313f4,16,
0xc5337cee97ff5b190f26c4a12341dd210f26e17c,0x27fff708f855147187e9de90d5c8490cb6e045c0,3,
0x2c2bc76b97bce84a5a9c6e2835ab13306b964cf1,0x5bd00f623cc61557f4c6604efdb78dbd89af2fab,3,
0x99342d3ce2d10c34b7d20d960ea75bd742aec468,0xf90d88a05d814215033f358235dc1d4f101b657a,1,
0xc5337cee97ff5b190f26c4a12341dd210f26e17c,0x5716ff3644f8ad52bab2e96a3f562f0adb362c15,2,
0x2c2bc76b97bce84a5a9c6e2835ab13306b964cf1,0x413a9c69df59288ef9a7ebe78a2033dd2f3e1af3,4,
0x99342d3ce2d10c34b7d20d960ea75bd742aec468,0x23e6ccf357185a73c11be53a31b7183765c3ae01,5,
0xc5337cee97ff5b190f26c4a12341dd210f26e17c,0x321d56f4d11341604e966849436efd42f00b9b7c,5,
0xc5337cee97ff5b190f26c4a12341dd210f26e17c,0x8f1af8261edae03a3680d1359228d2dac34eaec5,4,
0xc5337cee97ff5b190f26c4a12341dd210f26e17c,0xcd4195cb5489c93f6f86859759e81e4ead0a9bdb,7,
0xc5337cee97ff5b190f26c4a12341dd210f26e17c,0x10ad3e3606fc711b357885382d64a8b99ded6bb5,5,
0xc5337cee97ff5b190f26c4a12341dd210f26e17c,0xc3f43f31d9d45f03cc9ee28f26e95595fda8baac,5,
0xc5337cee97ff5b190f26c4a12341dd210f26e17c,0xe419a91989920a9d0bab254a54d03a111965b68e,3,
0x2c2bc76b97bce84a5a9c6e2835ab13306b964cf1,0x958a26398095620d8ab4f99fd6215d63a52e4f32,2,
0x2c2bc76b97bce84a5a9c6e2835ab13306b964cf1,0xe55d7da4bf34ccf042533756f87249ae0632fec4,24,
0x2c2bc76b97bce84a5a9c6e2835ab13306b964cf1,0x16366e4623d63d05ec84dd34100c234564357aa7,32,
0x2c2bc76b97bce84a5a9c6e2835ab13306b964cf1,0x98f0f1c87fd0174aa9e6c9d85ff16da57991bd46,11,
0x2c2bc76b97bce84a5a9c6e2835ab13306b964cf1,0xe032fa7b20cbaec6e84d9052076ab7aa93fcb932,6,
0x2c2bc76b97bce84a5a9c6e2835ab13306b964cf1,0xa3cfd198e3d29ab512f059d6b20ec8d193744bbe,12,
0x2c2bc76b97bce84a5a9c6e2835ab13306b964cf1,0x078bac14ee48c8846f4f90c48e63e6fab9067eea,36,
0x2c2bc76b97bce84a5a9c6e2835ab13306b964cf1,0xb2206f941a5206b55bfa33e665687523a8bced80,28,
0xc5337cee97ff5b190f26c4a12341dd210f26e17c,0x4f1b06585a6074288cbc8c091e4287d9862b9522,3,
0x2c2bc76b97bce84a5a9c6e2835ab13306b964cf1,0x9c4aa52a8ae54cbd3c4b5c7a9cefa406e45c19cc,98,
0x2c2bc76b97bce84a5a9c6e2835ab13306b964cf1,0xa6948d871c8b83151b6f7eea3ab075ac737df291,16,
0xc5337cee97ff5b190f26c4a12341dd210f26e17c,0x2015db0380c2b754bfbe722ad76ca58dd6bc8a52,8,
0xc5337cee97ff5b190f26c4a12341dd210f26e17c,0x9adb41e0da07e0c87ff7462b19c09bb9e0e36114,1,
0xc5337cee97ff5b190f26c4a12341dd210f26e17c,0x5d875b4bb01c699e6b0a05a26d1da1db1e06cfd4,1,
0xc5337cee97ff5b190f26c4a12341dd210f26e17c,0xe557b6a5db07bfb3717156d7f901d92e48b76a7e,1,
0xc5337cee97ff5b190f26c4a12341dd210f26e17c,0x853a554a882c0101701dd8919416d2496fee1fc0,2,
0x2c2bc76b97bce84a5a9c6e2835ab13306b964cf1,0xbc3e48303d7bb8302ade5e4d6a3dd6c0a4660c72,2669,
0x2c2bc76b97bce84a5a9c6e2835ab13306b964cf1,0xea1eae9dcd501192bfc75ab12f0f3281077b9f26,285,
0x2c2bc76b97bce84a5a9c6e2835ab13306b964cf1,0xfe35e2cf923b00abcfcf13435d2a63a772c2ebc9,38,
0xc5337cee97ff5b190f26c4a12341dd210f26e17c,0xeaa2a690fb3e110544017efa02bac6afaa7e5253,1,
0xc5337cee97ff5b190f26c4a12341dd210f26e17c,0xab9020e43a5209150c3fc3034876f57377e941a6,1,
0xc5337cee97ff5b190f26c4a12341dd210f26e17c,0xa71dddc23331203ddc4dba843770ce07f4c2ce48,36,
0xc5337cee97ff5b190f26c4a12341dd210f26e17c,0x21203c6d23cce6bdacf195f383cf6ff039b80b3d,3,
0xc5337cee97ff5b190f26c4a12341dd210f26e17c,0xf52a34d1f9fd1bf2c9a5fbf81d463a15537846c9,1,
0xc5337cee97ff5b190f26c4a12341dd210f26e17c,0xbdc2e6276ce1ab440011badc589a754728ebf496,3,
0x2c2bc76b97bce84a5a9c6e2835ab13306b964cf1,0xb6cbee7f9be1970c9c5695a6daeb458eaaa296c1,86,
0x2c2bc76b97bce84a5a9c6e2835ab13306b964cf1,0x57b0a4c3d9c852747243805774b53f2a8b2369b3,51,
0x2c2bc76b97bce84a5a9c6e2835ab13306b964cf1,0x5af84f1318241b4224ecfc9e6d4e97a3118cd38f,9,
0x2c2bc76b97bce84a5a9c6e2835ab13306b964cf1,0x50c311e3989482de510ccbe0ab3342de57c10ad9,8,
0xc5337cee97ff5b190f26c4a12341dd210f26e17c,0xbcaa503d49e429e22b3c5ebd53dbf31259db6e15,4,
0xc5337cee97ff5b190f26c4a12341dd210f26e17c,0xcd9ef0633ff9afb65edaf80af215236b6350f1ad,1,
0x2c2bc76b97bce84a5a9c6e2835ab13306b964cf1,0xddabeba1c309bf171cd5e60e863ca14cf84bf2e0,15,
0x2c2bc76b97bce84a5a9c6e2835ab13306b964cf1,0xc9d73e14aaf12d4967fed15cea1a30e1e05aa848,15,
0x2c2bc76b97bce84a5a9c6e2835ab13306b964cf1,0x66be0c7ec019bef2f3b2fff540073f194686aa5a,3,
0x2c2bc76b97bce84a5a9c6e2835ab13306b964cf1,0x7f39a32fa19aa022f846f5aa7cc3bdf81285485b,6,
0xc5337cee97ff5b190f26c4a12341dd210f26e17c,0x58d6ca37cc917426dad99f41a1d94c37cee2272c,1,
0x2c2bc76b97bce84a5a9c6e2835ab13306b964cf1,0xb628643154970ad918fcccb28b8434b149b39f69,4,
0x2c2bc76b97bce84a5a9c6e2835ab13306b964cf1,0x90464c5264734b80f12da2c562a0a9977954a16a,2,
0x2c2bc76b97bce84a5a9c6e2835ab13306b964cf1,0x9d8a7056c93c1a7caa44279e52de6869811c7663,2,
0x2c2bc76b97bce84a5a9c6e2835ab13306b964cf1,0x40ff24a25c1cabb997b0ee33d3998d52f9b61704,4,
0x2c2bc76b97bce84a5a9c6e2835ab13306b964cf1,0xee64f5d7c86543c765db7a3a2e7b5225c4e5ea81,2,
0x2c2bc76b97bce84a5a9c6e2835ab13306b964cf1,0x4b712d67686b9e7389aca2c295f19e54ebe48b2e,2,
0x2c2bc76b97bce84a5a9c6e2835ab13306b964cf1,0xeba7bc428398870dfa799c9660260dbc7118aa53,2,
0x2c2bc76b97bce84a5a9c6e2835ab13306b964cf1,0x3285389db248694e385b577cfb3373672b1e7797,2,
0x2c2bc76b97bce84a5a9c6e2835ab13306b964cf1,0x70e5cb61819f39bc8ddf037f8720fa7ec0e25e7f,2,
0x2c2bc76b97bce84a5a9c6e2835ab13306b964cf1,0x26433a30dd354165573ec525497032f791f4510d,9,
0xc5337cee97ff5b190f26c4a12341dd210f26e17c,0xeaa823ab4c4ee00283d8ed7be713ddf8a5ba0fac,1,
0x2c2bc76b97bce84a5a9c6e2835ab13306b964cf1,0xb4bae95591dd3745c4877db1e1bbf5946c338534,4,
0xc5337cee97ff5b190f26c4a12341dd210f26e17c,0x16b018db108cfcf6f58bccc8083c5dfb812fa794,3,
0xc5337cee97ff5b190f26c4a12341dd210f26e17c,0xe35dc8f3a57d8ea92767f83ffed85e5b74b5838f,8,
0x2c2bc76b97bce84a5a9c6e2835ab13306b964cf1,0x3edd888f0e05610a0a3c5ec02e687fea05424977,2,
0x2c2bc76b97bce84a5a9c6e2835ab13306b964cf1,0xa11b677f0b6521966125b42e7bbdc31605cf855e,3,
0xc5337cee97ff5b190f26c4a12341dd210f26e17c,0x66d66ce74d8184e7ccedb01ab4a2907fafd37fed,1,
0xc5337cee97ff5b190f26c4a12341dd210f26e17c,0x92b45bb94f447eda7ac66baebe4d4571e09dd550,1,
0x2c2bc76b97bce84a5a9c6e2835ab13306b964cf1,0x0cb7ff59a8a8e4d426cf521ee852e7498eee9eb0,4,
0xc5337cee97ff5b190f26c4a12341dd210f26e17c,0xf6f089d4cfca6200c1d00deb756300303915c136,3,
0xc5337cee97ff5b190f26c4a12341dd210f26e17c,0xa8bc4efae9f56f0e67c92676bb01e1b7ae648c66,5,
0xc5337cee97ff5b190f26c4a12341dd210f26e17c,0xb6c2f31dfc48a9e394030736e303237318df99cd,2,
0xc5337cee97ff5b190f26c4a12341dd210f26e17c,0x5c51fb6fb7dbd99aa0c3ff05b6b33cd1fcd0e1c0,5,
0xc5337cee97ff5b190f26c4a12341dd210f26e17c,0x939fb41691832a672db04382530a0b38dc1a64f4,1,
0x2c2bc76b97bce84a5a9c6e2835ab13306b964cf1,0x0518af7721adb6550267cb1dd7b32a8f42ba6583,4,
0x2c2bc76b97bce84a5a9c6e2835ab13306b964cf1,0x49a1b4f9818b7537a245ca14a8b7e69e1ba6a1f9,2,
0xc5337cee97ff5b190f26c4a12341dd210f26e17c,0x324d84daa094b1ee4ac4d60eb3fbe9f6c898087f,1,
0xc5337cee97ff5b190f26c4a12341dd210f26e17c,0xe9fae3f33cbdf29b17a5348162f83cea6cb1dac2,1,
0x2c2bc76b97bce84a5a9c6e2835ab13306b964cf1,0xcdf83914938da1ef388f21dfad3f6ccbca5be6cb,51,
0xc5337cee97ff5b190f26c4a12341dd210f26e17c,0x9c2f6530d4478bd17371b5f688d15408959bcc33,9,
0xc5337cee97ff5b190f26c4a12341dd210f26e17c,0x5d6fa0c099dc957e37f3b453ccef056404ca0abc,2,
0x2c2bc76b97bce84a5a9c6e2835ab13306b964cf1,0x000aa047b0bfa841bbf67624843f5f1baeb689f9,5,
0xc5337cee97ff5b190f26c4a12341dd210f26e17c,0xbb5b8b8541eed6465300af689c7ad4dbf38a95e6,1,
0xc5337cee97ff5b190f26c4a12341dd210f26e17c,0x63c455b03b26e14b61f699ea4725a5fb58552d9c,1,
0x2c2bc76b97bce84a5a9c6e2835ab13306b964cf1,0x74e3e26e03b9122aeb8a9ccef0d6282d5b62de19,3,
0x2c2bc76b97bce84a5a9c6e2835ab13306b964cf1,0x8106680ba7095cfd8f4351a8b7041da3060afb83,4,
0x4ea48e01f1314db0925653e30617b254d1cf5366,0x4aa590daa6f68447afadbddb6aa6dfc1e6a057da,16,
0x2c2bc76b97bce84a5a9c6e2835ab13306b964cf1,0x142eedf0f8e76c4ad1bef7122878cc1c4609dd1e,39,
0x2c2bc76b97bce84a5a9c6e2835ab13306b964cf1,0x55b1f0c4211aa4fe0687c1fc9b36570bb443ea7a,25,
0xc5337cee97ff5b190f26c4a12341dd210f26e17c,0x6b23b0a4b2855cf69f728d5508d48f3f4342d49d,1,
0x2c2bc76b97bce84a5a9c6e2835ab13306b964cf1,0xfbbf94cc47092362adb15f0df598506e08da2f98,3,
0x2c2bc76b97bce84a5a9c6e2835ab13306b964cf1,0x1dabb29facf6c90fa16dee99fe32c3154dbb57f6,4,
0x99342d3ce2d10c34b7d20d960ea75bd742aec468,0xff9f9ad815052125d13b303fffce7ecb4c65de1b,3,
0xc5337cee97ff5b190f26c4a12341dd210f26e17c,0x34e08d24d68068f815b97203929dc04e6224a2a0,6,
0x2c2bc76b97bce84a5a9c6e2835ab13306b964cf1,0x15a5cebea5b3e78d2a9ba9bec299fd82628e53f4,5,
0xc5337cee97ff5b190f26c4a12341dd210f26e17c,0xcf13bbdc5d66f74e4c22ab3a97ddb5e8365fd157,3,
0xc5337cee97ff5b190f26c4a12341dd210f26e17c,0xfe5ca8e479e47605dd6d990837d4651956e6c9a3,4,
0xc5337cee97ff5b190f26c4a12341dd210f26e17c,0xc01d90cf07377dfc5cddafd874fa3e1194f36f8a,4,
0xc5337cee97ff5b190f26c4a12341dd210f26e17c,0x56c4b57b059e7d2e8f9389de7c710369e0008067,7,
0x99342d3ce2d10c34b7d20d960ea75bd742aec468,0x0a5b2197656d2288d6822a03b99b48462ab5ab7f,3,
0xc5337cee97ff5b190f26c4a12341dd210f26e17c,0x94dd791fc8b111380d12fd24fe5398a92e5c4965,6,
0xc5337cee97ff5b190f26c4a12341dd210f26e17c,0x0fb189792824eec1bd39b55bc0ac41ef6fc2ced4,5,
0x2c2bc76b97bce84a5a9c6e2835ab13306b964cf1,0x2b18a0659726a81ada315610e52a8320d1fb0cae,3,
0x2c2bc76b97bce84a5a9c6e2835ab13306b964cf1,0x95000cff9cc078ab5f212e60e9d260ca8abb4f00,2,
0x2c2bc76b97bce84a5a9c6e2835ab13306b964cf1,0xfdd6212fedc55b2cfcdd55d006bd66d1586b4c39,4,
0x2c2bc76b97bce84a5a9c6e2835ab13306b964cf1,0x1c967fb27bb13b9fb5953f2940990a6d10876eac,4,
0x2c2bc76b97bce84a5a9c6e2835ab13306b964cf1,0xf9cccdc89840adee3ae3c1820c7b7890067e1cfb,4,
0x2c2bc76b97bce84a5a9c6e2835ab13306b964cf1,0x9b3cb92aca74b76103ed0d5e23bae342ad3bf884,1,
0x2c2bc76b97bce84a5a9c6e2835ab13306b964cf1,0x93ee24b8c1ff00a325afd3c764f362116df0ee16,1,
0x2c2bc76b97bce84a5a9c6e2835ab13306b964cf1,0x2195f5b0711a7b9dc3ad6af2ea88c05aa17ba0fc,1,
0x2c2bc76b97bce84a5a9c6e2835ab13306b964cf1,0x7305cdd08d27cf5cd70d7385cef5a3292aa5b1c0,1,
0xc5337cee97ff5b190f26c4a12341dd210f26e17c,0xb8f420f15eb8ad76c6a82cb0667d95c867c3c0c0,1,
0x2c2bc76b97bce84a5a9c6e2835ab13306b964cf1,0x08ee047dd725b96b0c60b8941ab151e6824eb2ad,2,
0x2c2bc76b97bce84a5a9c6e2835ab13306b964cf1,0x3044b6e58e0b5e4be54fd7488d5c8b3ecf4f6c71,4,
0x2c2bc76b97bce84a5a9c6e2835ab13306b964cf1,0xb6815b4d861eb4a68084d430574cb96762854f90,1,
0x2c2bc76b97bce84a5a9c6e2835ab13306b964cf1,0xbfc716bb745a7a095051ce45cbe40311c739a2e1,2,
0x4821ced48fb4456055c86e42587f61c1f39c6315,0x3a289de9367ebffcd83e96562bcd38a2338ff612,4,
0xc5337cee97ff5b190f26c4a12341dd210f26e17c,0xb2dfb6ce23aaca3f4c8395cf3944890c3d6ed425,1,
0x4821ced48fb4456055c86e42587f61c1f39c6315,0x4821ced48fb4456055c86e42587f61c1f39c6315,16,
0x2c2bc76b97bce84a5a9c6e2835ab13306b964cf1,0x9617a3072b39a3026a8a871bfd9da0c250f201c7,2,
0x99342d3ce2d10c34b7d20d960ea75bd742aec468,0x3ee403737fc42bb56fdb45bd6b14849a29dddf68,1,
0x2c2bc76b97bce84a5a9c6e2835ab13306b964cf1,0x0e401c81611424eccd0428f309bcd41ba3057112,8,
0x2c2bc76b97bce84a5a9c6e2835ab13306b964cf1,0xbef9e4b45eedae6d1079bade77e6608634d8860a,26,
0x4ea48e01f1314db0925653e30617b254d1cf5366,0x7a768a4ff560fcfcbf21689570a79a215b5f80a8,14,
0x2c2bc76b97bce84a5a9c6e2835ab13306b964cf1,0x9c7fb98594e1954135ebf42ec7a6b760d9a6682d,22,
0xc5337cee97ff5b190f26c4a12341dd210f26e17c,0x797cf622e2be515f4b620e580d7f0bd43ccaed97,1,
0x99342d3ce2d10c34b7d20d960ea75bd742aec468,0x5fb52642226a1a25192988af8f49369a1da66571,7,
0x2c2bc76b97bce84a5a9c6e2835ab13306b964cf1,0xa680358e7d01e0413de50b7d6285ebe2ab74538b,6,
0xc5337cee97ff5b190f26c4a12341dd210f26e17c,0xbcc18186c07858d8aa6ec8f41f0b0397c8d446ed,1,
0x5e23d5be257d9140d4c5b12654111a4d4e18d9b2,0x5e23d5be257d9140d4c5b12654111a4d4e18d9b2,7,
0x5e23d5be257d9140d4c5b12654111a4d4e18d9b2,0x9e7ff3830d8966050e76a08af2dad8846752686d,59,
0x2c2bc76b97bce84a5a9c6e2835ab13306b964cf1,0xac31b377337037352f0673e66a0b473499355513,12,
0xc5337cee97ff5b190f26c4a12341dd210f26e17c,0xff18338e6b570e0d95f249c2d66e9de5772de976,2,
0xc5337cee97ff5b190f26c4a12341dd210f26e17c,0xa2d41fde33af6941c5615d6b7f89ea1fcc2a867d,17,
0x2c2bc76b97bce84a5a9c6e2835ab13306b964cf1,0x0dcbc9e24afa0f76241491159dc948189e3842d3,2,
0xc5337cee97ff5b190f26c4a12341dd210f26e17c,0xa47083ffab4811bf98b2749897e9834b684499a0,2,
0x2c2bc76b97bce84a5a9c6e2835ab13306b964cf1,0x54b10afd9e12d7ade642f81d563d0411703f4f9f,5,
0x2c2bc76b97bce84a5a9c6e2835ab13306b964cf1,0x25f1b747d1f9ef911949df08c1101c3339300dc6,5,
0x4ea48e01f1314db0925653e30617b254d1cf5366,0xcfdf41c1e23eb15164f93b26675cdd14dc2e77bc,5,
0x2c2bc76b97bce84a5a9c6e2835ab13306b964cf1,0xf283b6aa2e1604c8336422cd61c2a2b423934c5f,2,
0x99342d3ce2d10c34b7d20d960ea75bd742aec468,0xf65f86c9066981271b2a4e9bf0c32ca5e0934e62,1,
0x2c2bc76b97bce84a5a9c6e2835ab13306b964cf1,0x491dfdc42d04bbb8e7e9f080fccfe39dc97dde10,1,
0x2c2bc76b97bce84a5a9c6e2835ab13306b964cf1,0x0f8a2298bb31e3399083b398f945fe1bb1deebeb,5,
0x2c2bc76b97bce84a5a9c6e2835ab13306b964cf1,0x31faca3aec82181b6beac31bf5c70af6b301332d,4,
0x2c2bc76b97bce84a5a9c6e2835ab13306b964cf1,0x821221842fd8c25f124165df51a684a1c433f36e,7,
0x2c2bc76b97bce84a5a9c6e2835ab13306b964cf1,0x15fb8db15a2ed6cd079ec7cd17d3234183d4baec,23,
0x99342d3ce2d10c34b7d20d960ea75bd742aec468,0x22a116486a2a0a29ed44f31662f0a4075076309c,5,
0x2c2bc76b97bce84a5a9c6e2835ab13306b964cf1,0x0aa66ad1f5cf0a257be48511766c11ce49394f66,3,
0x2c2bc76b97bce84a5a9c6e2835ab13306b964cf1,0x00f550cd2e68e176e27fe19ec3864336ee2b638e,18,
0x2c2bc76b97bce84a5a9c6e2835ab13306b964cf1,0x643c1ff889e03942901e6ac1e2ff3200db79bc28,24,
0xc5337cee97ff5b190f26c4a12341dd210f26e17c,0xb6168107228286250e514216a79a4ff4daa671d5,2,
0x2c2bc76b97bce84a5a9c6e2835ab13306b964cf1,0x48c51a44ed40f653ca3dda94d7903c2e308653df,4,
0x2c2bc76b97bce84a5a9c6e2835ab13306b964cf1,0x2b2867af11b8d9eae60cd4c07766dd42dbedb0e5,10,
0x2c2bc76b97bce84a5a9c6e2835ab13306b964cf1,0xdae2ca3d64369edc692030b308b82033a207e0bf,9,
0x2c2bc76b97bce84a5a9c6e2835ab13306b964cf1,0xf117ba62bf48d8a8e958f731c27b31c3cbc13cea,4,
0xe38a456433fff7814e40998cf0cbbbd2c885b513,0xe38a456433fff7814e40998cf0cbbbd2c885b513,5,
0x2c2bc76b97bce84a5a9c6e2835ab13306b964cf1,0x019c741fb83c5722974044ef3f95aa6aba2a6fa9,2,
0xd59b83de618561c8ff4e98fc29a1b96abcbfb18a,0x3207d4728c32391405c7122e59ccb115a4af31ea,25,
0x4ea48e01f1314db0925653e30617b254d1cf5366,0xe9e50a37a56b672cea34b5b43510aa74e73a2fd4,8,
0xd59b83de618561c8ff4e98fc29a1b96abcbfb18a,0x0307daa1f0d3ac9e1b78707d18e79b13be6b7178,195,
0x2c2bc76b97bce84a5a9c6e2835ab13306b964cf1,0x08c87c0a93c41965e978b39bc1fc4b9c5396cd1c,11,
0x2c2bc76b97bce84a5a9c6e2835ab13306b964cf1,0x649c92a98b8c163de6bba53effd55ad2d89553b7,6,
0x2c2bc76b97bce84a5a9c6e2835ab13306b964cf1,0xa50b87f8c860f79f2c38f39a0b5f1991ccbd2177,4,
0x2c2bc76b97bce84a5a9c6e2835ab13306b964cf1,0xfbed4d8fd5defca9b980f0cbaac1c069f37d8de3,4,
0x2c2bc76b97bce84a5a9c6e2835ab13306b964cf1,0xfcf7b861b033a88fd9a843db79ff5e5ff8b719c8,1,
0x6b3bc1b55b28380193733a2fd27f2639d92f14be,0x6b3bc1b55b28380193733a2fd27f2639d92f14be,3,
0x2c2bc76b97bce84a5a9c6e2835ab13306b964cf1,0x41e2853f489ab0db5bcade60ff34ecdbc55b9589,2,
0x809c9f8dd8ca93a41c3adca4972fa234c28f7714,0x07ad02e0c1fa0b09fc945ff197e18e9c256838c6,2,
0x2c2bc76b97bce84a5a9c6e2835ab13306b964cf1,0x0f58ca1f55197a24978625a41ba0fb7992e07a59,7,
0x124d8fad33e0b9fe9f3e1e90d0fc0055abe8ca8d,0x124d8fad33e0b9fe9f3e1e90d0fc0055abe8ca8d,4,
0x2c2bc76b97bce84a5a9c6e2835ab13306b964cf1,0xa60d6ef652c11f41dbd1373dacbd33f277ffbbf3,4,
0x2c2bc76b97bce84a5a9c6e2835ab13306b964cf1,0xbf4712eaef756b4b17ac34b7e0ca3c36eb542c7d,8,
0xc5337cee97ff5b190f26c4a12341dd210f26e17c,0x684f0dfad234b79576394a81670a2103a68111c4,1,
0x2c2bc76b97bce84a5a9c6e2835ab13306b964cf1,0x46dce7aa60721d74f3b2bfde913c23d140e51ecd,7,
0x2c2bc76b97bce84a5a9c6e2835ab13306b964cf1,0xc172513d486e3b63528d7e7ce2d734a824393280,5,
0x2c2bc76b97bce84a5a9c6e2835ab13306b964cf1,0xe6cb3fecefcbd95bed053624209702f2ab8abf5d,18,
0x3e6e1f37249bb22d8543fdb0728716632eac24ac,0xebcd6334a5fb8697b039c8912eaa7cffe445f3f6,7,
0x2c2bc76b97bce84a5a9c6e2835ab13306b964cf1,0x449de13ff8ab05b405c869748407f36348358cad,1,
0xc5337cee97ff5b190f26c4a12341dd210f26e17c,0xb22417dd80e361bf471e41045768ddf07f0ef43d,1,
0x2c2bc76b97bce84a5a9c6e2835ab13306b964cf1,0x435cd79fdfd71fbd470746a4ce3af01ebb198fcc,2,
0xc5337cee97ff5b190f26c4a12341dd210f26e17c,0xb070c1d226ce55352881c676836f14b72450877f,1,
0x4ea48e01f1314db0925653e30617b254d1cf5366,0x9163ce815a4466b590eee1138eafb6ae8b147a99,3,
0x2c2bc76b97bce84a5a9c6e2835ab13306b964cf1,0x0117780bdaf2a9ea19ed897ab7db710452a7c00f,3,
0xc5337cee97ff5b190f26c4a12341dd210f26e17c,0x630e51718aa13e4d3022079b7ad36d1946252a4e,1,
0x2c2bc76b97bce84a5a9c6e2835ab13306b964cf1,0x72a8c7d901c3ab6b2f810d62bfcd6c20b1bf3d19,3,
0x99342d3ce2d10c34b7d20d960ea75bd742aec468,0x2b247387b13cb12d4bc921559b99d2c269db8bc4,2,
0x3e6e1f37249bb22d8543fdb0728716632eac24ac,0x00218c6d58bf5bf420b33a26f927fb5df0f8202f,3,
0x2c2bc76b97bce84a5a9c6e2835ab13306b964cf1,0x9d41ce373e56c719812c795b9b3a4b7a7ef65e07,7,
0x99342d3ce2d10c34b7d20d960ea75bd742aec468,0xf2cf5dc3c930c2c9008e4c100efc1f8f08794fe7,2,
0x2c2bc76b97bce84a5a9c6e2835ab13306b964cf1,0xe211b7f057ca9d402b3b6cd2a34f3325d6a06c68,9,
0x2c2bc76b97bce84a5a9c6e2835ab13306b964cf1,0x71535aae1b6c0c51db317b54d5eee72d1ab843c1,6,
0x2c2bc76b97bce84a5a9c6e2835ab13306b964cf1,0xacd67ff4e2912e11bc21b05778fcb82b0eded8b6,5,
0x2c2bc76b97bce84a5a9c6e2835ab13306b964cf1,0xc9881ff4e8ab0a01b54b862de6e4dfc8e97ff9b7,2,
0x2c2bc76b97bce84a5a9c6e2835ab13306b964cf1,0xebeb32da6988aaf9844ebd6a9246b3d8827af718,2,
0xc5337cee97ff5b190f26c4a12341dd210f26e17c,0xafa9c8fa5f714a904658bcc20c416c5ee3926b66,2,
0x2c2bc76b97bce84a5a9c6e2835ab13306b964cf1,0x4b5647a56ef2d9e6e92cc869b88aac6f68386304,15,
0xc5337cee97ff5b190f26c4a12341dd210f26e17c,0xabaebe817e50e47fea84e6140c789a1dff20de3b,7,
